name,count
plenty parking,52.0896823723
room clean,35.4960622088
girlfriend,31.2748645385
clean comfortable would,30.5282340322
view,30.4500338151
friends place,30.0830231136
safe neighborhood,28.4476809845
hosts accommodating,26.786233176
deck,26.4454666875
accommodating room,26.1129122442
beach,25.9495926861
looked exactly,25.6286400439
exactly pictured,23.2988543761
comfortable would,23.1655167051
delightful,22.7730634835
communicating,22.3914629056
stay even,22.3914629056
outside deck,22.3011279333
safe really enjoyed,22.3011279333
recommend staying fantastic,22.3011279333
feel totally welcome,22.3011279333
wonderful made us,22.3011279333
defiantly come,22.3011279333
know time,22.3011279333
welcome throughout,22.3011279333
outside garden,22.3011279333
month would,22.3011279333
room clean comfortable,22.1428013747
friendly helpful thank,21.9944031794
warm feel,21.9944031794
time relax,21.9944031794
throughout made,21.9944031794
metro go,21.9944031794
lake,21.9944031794
called make sure,21.9944031794
called make,21.9944031794
problems first,21.9944031794
water fresh,21.9944031794
airbnb won,21.9944031794
morning highly recommend,21.700734571
clean comfortable perfectly,21.700734571
stayed contact us,21.700734571
really enjoyed living,21.700734571
friendly ll,21.700734571
took short,21.700734571
quickly questions would,21.700734571
room clean welcoming,21.700734571
needed stay even,21.700734571
polite easy,21.700734571
feels homey,21.700734571
chill place,21.700734571
